epoch,categorical_accuracy,loss,val_categorical_accuracy,val_loss
0,0.6475139856338501,0.691440999507904,0.7317171692848206,0.527151346206665
1,0.7300319671630859,0.5338524580001831,0.7337373495101929,0.5206834673881531
2,0.7691693305969238,0.48306789994239807,0.5321212410926819,0.9052261710166931
3,0.7936801314353943,0.44479477405548096,0.7830303311347961,0.45031774044036865
4,0.8065595030784607,0.42200297117233276,0.837979793548584,0.3672574758529663
5,0.8236821293830872,0.39089155197143555,0.8355555534362793,0.3578687608242035
6,0.8365115523338318,0.3702946901321411,0.8193939328193665,0.39823246002197266
7,0.8425519466400146,0.35297274589538574,0.8468686938285828,0.3469180464744568
8,0.8527356386184692,0.3390224874019623,0.8577777743339539,0.31640997529029846
